signal	key	variants
A_name_multi_chebi	mgso4 x 7 h2o	{'CHEBI:31795': 3077, 'CHEBI:32599': 127}
A_name_multi_chebi	na2moo4 x 2 h2o	{'CHEBI:75213': 2878, 'CHEBI:75215': 137}
A_name_multi_chebi	vitamin b12	{'CHEBI:17439': 1987, 'CHEBI:176843': 356}
A_name_multi_chebi	glucose	{'CHEBI:17234': 1627, 'CHEBI:42758': 516}
A_name_multi_chebi	mgcl2 x 6 h2o	{'CHEBI:86345': 1995, 'CHEBI:6636': 87}
A_name_multi_chebi	na2seo3 x 5 h2o	{'CHEBI:131361': 1228, 'CHEBI:48843': 73}
A_name_multi_chebi	calcium pantothenate	{'CHEBI:31345': 998, 'CHEBI:3374': 7}
A_name_multi_chebi	starch	{'CHEBI:28017': 577, 'CHEBI:85248': 29}
A_name_multi_chebi	d-glucose	{'CHEBI:17634': 459, 'CHEBI:42758': 138}
A_name_multi_chebi	dipotassium phosphate	{'CHEBI:131527': 475, 'CHEBI:63036': 1}
A_name_multi_chebi	kno3	{'CHEBI:58242': 309, 'CHEBI:17632': 98}
A_name_multi_chebi	nano3	{'CHEBI:63005': 147, 'CHEBI:59148': 245}
A_name_multi_chebi	cacl2·2h2o	{'CHEBI:86158': 358, 'CHEBI:64183': 1}
A_name_multi_chebi	boric acid	{'CHEBI:33118': 164, 'CHEBI:33134': 161}
A_name_multi_chebi	fe(iii) citrate	{'CHEBI:144421': 265, 'CHEBI:4991': 6}
A_name_multi_chebi	dextrose	{'CHEBI:17234': 157, 'CHEBI:4167': 74, 'CHEBI:42758': 27}
A_name_multi_chebi	calcium chloride dihydrate	{'CHEBI:86158': 227, 'CHEBI:3312': 2}
A_name_multi_chebi	d(+)-glucose	{'CHEBI:17634': 224, 'CHEBI:42758': 3}
A_name_multi_chebi	magnesium sulfate heptahydrate	{'CHEBI:31795': 58, 'CHEBI:32599': 2, 'CHEBI:86463': 160}
A_name_multi_chebi	hepes	{'CHEBI:46756': 153, 'CHEBI:42334': 65, 'CHEBI:143268': 1}
A_name_multi_chebi	na2seo4	{'CHEBI:59160': 104, 'CHEBI:77775': 108}
A_name_multi_chebi	mgcl2·6h2o	{'CHEBI:86345': 204, 'CHEBI:6635': 1}
A_name_multi_chebi	iron (ii) sulfate heptahydrate	{'CHEBI:75836': 168, 'CHEBI:75832': 5}
A_name_multi_chebi	zinc sulfate heptahydrate	{'CHEBI:62985': 3, 'CHEBI:32312': 167}
A_name_multi_chebi	l-cysteine hcl	{'CHEBI:52891': 132, 'CHEBI:91247': 29}
A_name_multi_chebi	4-aminobenzoic acid	{'CHEBI:30753': 21, 'CHEBI:194474': 135}
A_name_multi_chebi	glycine	{'CHEBI:15428': 102, 'CHEBI:57305': 45}
A_name_multi_chebi	nicotinate	{'CHEBI:15940': 139, 'CHEBI:32544': 4}
A_name_multi_chebi	manganese (ii) sulfate monohydrate	{'CHEBI:75219': 131, 'CHEBI:86364': 5}
A_name_multi_chebi	maltose	{'CHEBI:17306': 94, 'CHEBI:18167': 39}
A_name_multi_chebi	ki	{'CHEBI:8346': 36, 'CHEBI:74559': 87}
A_name_multi_chebi	sodium citrate	{'CHEBI:53258': 67, 'CHEBI:32142': 47}
A_name_multi_chebi	l-cysteine	{'CHEBI:17561': 111, 'CHEBI:35235': 3}
A_name_multi_chebi	mes	{'CHEBI:39010': 76, 'CHEBI:39005': 34}
A_name_multi_chebi	cysteine-hcl	{'CHEBI:52891': 104, 'CHEBI:91247': 4}
A_name_multi_chebi	calcium chloride	{'CHEBI:86158': 88, 'CHEBI:3312': 6}
A_name_multi_chebi	citric acid	{'CHEBI:53258': 51, 'CHEBI:30769': 42}
A_name_multi_chebi	mops	{'CHEBI:39074': 74, 'CHEBI:44115': 17}
A_name_multi_chebi	magnesium chloride hexahydrate	{'CHEBI:6636': 2, 'CHEBI:86345': 74}
A_name_multi_chebi	na-thioglycolate	{'CHEBI:86481': 70, 'CHEBI:30066': 4}
A_name_multi_chebi	voso4 x 2 h2o	{'CHEBI:87009': 54, 'CHEBI:87014': 11}
A_name_multi_chebi	isovaleric acid	{'CHEBI:28484': 60, 'CHEBI:503742': 3}
A_name_multi_chebi	fructose	{'CHEBI:28645': 21, 'CHEBI:28757': 39}
A_name_multi_chebi	sodium nitrate	{'CHEBI:65246': 1, 'CHEBI:63005': 56, 'CHEBI:34754': 1}
A_name_multi_chebi	mnso4 x 4 h2o	{'CHEBI:86358': 46, 'CHEBI:86360': 6}
A_name_multi_chebi	(nh4)3 citrate	{'CHEBI:63037': 40, 'CHEBI:72699': 4}
A_name_multi_chebi	dithiothreitol	{'CHEBI:18320': 13, 'CHEBI:42106': 30}
A_name_multi_chebi	na2s2o3	{'CHEBI:59168': 24, 'CHEBI:32150': 19}
A_name_multi_chebi	d-fructose	{'CHEBI:15824': 33, 'CHEBI:48095': 9}
A_name_multi_chebi	tricine	{'CHEBI:35920': 29, 'CHEBI:39063': 12, 'CHEBI:9750': 1}
A_name_multi_chebi	dl-dithiothreitol	{'CHEBI:18320': 40, 'CHEBI:42106': 1}
A_name_multi_chebi	lactose	{'CHEBI:17716': 30, 'CHEBI:36218': 9}
A_name_multi_chebi	arginine	{'CHEBI:29016': 31, 'CHEBI:32696': 6}
A_name_multi_chebi	fe(nh4)citrate	{'CHEBI:144421': 16, 'CHEBI:31604': 19}
A_name_multi_chebi	l-sodium lactate	{'CHEBI:867561': 21, 'CHEBI:75228': 13}
A_name_multi_chebi	iso-valeric acid	{'CHEBI:503742': 25, 'CHEBI:28484': 8}
A_name_multi_chebi	sodium l-lactate	{'CHEBI:867561': 8, 'CHEBI:232798': 22}
A_name_multi_chebi	inositol	{'CHEBI:24848': 18, 'CHEBI:17268': 7}
A_name_multi_chebi	mnso4 x 5 h2o	{'CHEBI:131524': 22, 'CHEBI:86360': 1}
A_name_multi_chebi	n-acetyl-d-glucosamine	{'CHEBI:506227': 6, 'CHEBI:8006': 15}
A_name_multi_chebi	malachite green	{'CHEBI:72449': 20, 'CHEBI:87106': 1}
A_name_multi_chebi	xanthine	{'CHEBI:15318': 6, 'CHEBI:17712': 15}
A_name_multi_chebi	m-inositol	{'CHEBI:10642': 20, 'CHEBI:166917': 1}
A_name_multi_chebi	na3-edta	{'CHEBI:63125': 15, 'CHEBI:64734': 2}
A_name_multi_chebi	thiamine pyrophosphate	{'CHEBI:18290': 14, 'CHEBI:9532': 2}
A_name_multi_chebi	h2seo3	{'CHEBI:26642': 14, 'CHEBI:48854': 2}
A_name_multi_chebi	d-trehalose dihydrate	{'CHEBI:232797': 14, 'CHEBI:83760': 1}
A_name_multi_chebi	triammonium citrate	{'CHEBI:63037': 12, 'CHEBI:86469': 2}
A_name_multi_chebi	voso4 x 5 h2o	{'CHEBI:132758': 11, 'CHEBI:87014': 1}
A_name_multi_chebi	na-butyrate	{'CHEBI:17968': 1, 'CHEBI:64103': 11}
A_name_multi_chebi	d-mannose	{'CHEBI:16024': 7, 'CHEBI:37675': 4}
A_name_multi_chebi	sodium succinate dibasic hexahydrate	{'CHEBI:63686': 10, 'CHEBI:82919': 1}
A_name_multi_chebi	trehalose	{'CHEBI:27082': 8, 'CHEBI:16551': 2}
A_name_multi_chebi	monosodium glutamate	{'CHEBI:64220': 8, 'CHEBI:64243': 2}
A_name_multi_chebi	nitrilotriacetate	{'CHEBI:25548': 8, 'CHEBI:44557': 2}
A_name_multi_chebi	n-acetyl-glutamic acid	{'CHEBI:172431': 9, 'CHEBI:17533': 1}
A_name_multi_chebi	trigonelline hcl	{'CHEBI:229203': 9, 'CHEBI:18123': 1}
A_name_multi_chebi	n-acetyl-glutamine	{'CHEBI:73685': 9, 'CHEBI:133362': 1}
A_name_multi_chebi	n-acetyl-lysine	{'CHEBI:35704': 9, 'CHEBI:61930': 1}
A_name_multi_chebi	n-acetyl-muramic acid	{'CHEBI:47966': 9, 'CHEBI:40666': 1}
A_name_multi_chebi	sn-glycero-3-phosphocholine	{'CHEBI:16870': 9, 'CHEBI:36702': 1}
A_name_multi_chebi	k-acetate	{'CHEBI:32029': 6, 'CHEBI:47622': 1}
A_name_multi_chebi	potassium phosphate	{'CHEBI:63036': 5, 'CHEBI:131527': 2}
A_name_multi_chebi	diaminopimelic acid	{'CHEBI:23674': 4, 'CHEBI:23673': 2}
A_name_multi_chebi	putrescine	{'CHEBI:326268': 2, 'CHEBI:17148': 4}
A_name_multi_chebi	4-hydroxyphenyl acetic acid	{'CHEBI:18101': 2, 'CHEBI:156387': 3}
A_name_multi_chebi	na-tartrate	{'CHEBI:63017': 4, 'CHEBI:30924': 1}
A_name_multi_chebi	iron(ii) sulfate	{'CHEBI:29033': 1, 'CHEBI:75832': 4}
A_name_multi_chebi	l-lysine hcl	{'CHEBI:53558': 2, 'CHEBI:53633': 3}
A_name_multi_chebi	d-arabinose	{'CHEBI:17108': 1, 'CHEBI:46983': 4}
A_name_multi_chebi	thioglycolate	{'CHEBI:30066': 3, 'CHEBI:47869': 1}
A_name_multi_chebi	bicine	{'CHEBI:39065': 3, 'CHEBI:40957': 1}
A_name_multi_chebi	phenyl acetic acid	{'CHEBI:30745': 1, 'CHEBI:103822': 3}
A_name_multi_chebi	(nh4)h2po4	{'CHEBI:62982': 3, 'CHEBI:39745': 1}
A_name_multi_chebi	tween 20	{'CHEBI:9784': 3, 'CHEBI:53424': 1}
A_name_multi_chebi	dl-tryptophan	{'CHEBI:57912': 2, 'CHEBI:27897': 2}
A_name_multi_chebi	sodium dl-lactate	{'CHEBI:232798': 1, 'CHEBI:75228': 2}
A_name_multi_chebi	(nh4)hco3	{'CHEBI:184335': 2, 'CHEBI:17544': 1}
A_name_multi_chebi	manganese sulfate monohydrate	{'CHEBI:86374': 2, 'CHEBI:86364': 1}
A_name_multi_chebi	cobalamine	{'CHEBI:30411': 2, 'CHEBI:28911': 1}
A_name_multi_chebi	d-trehalose	{'CHEBI:27082': 2, 'CHEBI:16551': 1}
A_name_multi_chebi	co carboxylase	{'CHEBI:18290': 1, 'CHEBI:45395': 1}
B_chebi_multi_compound	CHEBI:26710	{'nacl': 6830, 'chloride': 1307}
B_chebi_multi_compound	CHEBI:131527	{'k2hpo4': 3849, 'dibasic phosphate': 300, 'phosphate': 477, 'hydrogen phosphate': 5, 'k2hpo4x': 1, 'monophosphate': 2}
B_chebi_multi_compound	CHEBI:86158	{'cacl2': 4281, 'chloride': 315, 'cacl': 2, 'cacl2x': 1, 'cacl2 x': 1}
B_chebi_multi_compound	CHEBI:31206	{'chloride': 426, 'nh4cl': 4160, 'cl': 7}
B_chebi_multi_compound	CHEBI:63036	{'kh2po4': 3924, 'dihydrogen phosphate': 233, 'monopotassium phosphate': 22, 'phosphate': 6, 'monobasic phosphate': 88, 'dihydrogen orthophosphate': 1, 'kh po': 10}
B_chebi_multi_compound	CHEBI:33118	{'acid boric': 164, 'h3bo3': 3898, 'b3': 2}
B_chebi_multi_compound	CHEBI:32588	{'chloride': 226, 'kcl': 3690}
B_chebi_multi_compound	CHEBI:2509	{'agar': 3534, 'agar inorganic salts starch': 4, 'agar corn meal': 10, '7h10 agar bacto middlebrook': 11, 'agar czapek dox': 3, 'agar brucella': 2, '2216 agar marine': 18, 'agar r2a': 8, 'agar anaerobe fastidious': 2, '7h10 agar middlebrook': 3, 'agar bcye': 2, 'agar enrichment legionella': 1, 'agar gam': 1, 'agar hinton ii mueller': 1, 'agar oatmeal': 2, 'agar r': 4, 'agar asparagine glycerol': 1, 'agar extract malt': 1, 'agar base blood columbia': 1, 'agar anaerobic brewer': 1, 'agar bacteriological': 2, 'agar bl': 1}
B_chebi_multi_compound	CHEBI:31795	{'mgso4': 3100, 'mgso': 4, 'mgso4x': 3, 'hepta sulphate': 1, 'hepta sulfate': 58, 'mgso2': 2}
B_chebi_multi_compound	CHEBI:32139	{'nahco3': 3007, 'bicarbonate': 134, 'nahco': 2}
B_chebi_multi_compound	CHEBI:75213	{'na2moo4': 2890, 'moo4': 19, 'na2mo4': 6, 'namoo4': 10, 'molybdate': 172, 'na2moso4': 5}
B_chebi_multi_compound	CHEBI:34887	{'chloride nickel': 92, 'nicl2': 2959, 'nicl2x': 1, 'nicl': 4}
B_chebi_multi_compound	CHEBI:35696	{'cocl2': 2703, 'chloride cobalt': 141, '6h cocl o': 22}
B_chebi_multi_compound	CHEBI:86345	{'mgcl2': 2668, 'chloride': 121, 'chloride hexa': 74, 'mgcl': 2}
B_chebi_multi_compound	CHEBI:86368	{'mncl2': 2763, 'h licl o': 2, 'chloride manganese tetra': 79}
B_chebi_multi_compound	CHEBI:15956	{'biotin': 2379, 'biotin d': 265, 'biotine': 24, 'b7 vitamin': 1}
B_chebi_multi_compound	CHEBI:15377	{'distilled water': 2445, 'tap water': 73, 'distilled double water': 29, 'distiled water': 1, 'water': 28, 'h2o': 6, 'demineralized water': 6}
B_chebi_multi_compound	CHEBI:75836	{'feso4': 2335, 'hepta sulfate': 169, 'fe so4': 14}
B_chebi_multi_compound	CHEBI:15940	{'nicotinate': 139, 'acid nicotinic': 2274, 'niacin': 20}
B_chebi_multi_compound	CHEBI:86318	{'cucl2': 2296, 'chloride copper': 43}
B_chebi_multi_compound	CHEBI:32312	{'znso4': 2147, 'zn2so4': 1, 'hepta sulfate zinc': 167}
B_chebi_multi_compound	CHEBI:17439	{'b12 vitamin': 1987, 'cyanocobalamin': 207, 'cyanocobalamine': 45}
B_chebi_multi_compound	CHEBI:31345	{'pantothenate': 998, 'd pantothenate': 990, 'dl pantothenate': 127, 'ca d pantothenate': 64, 'panthothenate': 4, 'd l pantothenate': 23}
B_chebi_multi_compound	CHEBI:30753	{'acid aminobenzoic p': 2126, '4 acid aminobenzoic': 21, 'paba': 13, 'acid aminobenzoic para': 17}
B_chebi_multi_compound	CHEBI:27470	{'folate': 77, 'acid folic': 2047, 'acid folinic': 2}
B_chebi_multi_compound	CHEBI:17015	{'riboflavin': 2004, 'riboflavine': 41}
B_chebi_multi_compound	CHEBI:49105	{'thiamine': 2023, 'thiamin': 9, 'dihydrochloride thiamine': 2}
B_chebi_multi_compound	CHEBI:49976	{'zncl2': 1747, 'chloride zinc': 85, 'zncl': 10}
B_chebi_multi_compound	CHEBI:62946	{'2so4': 1668, 'sulfate': 123, '2s4': 2}
B_chebi_multi_compound	CHEBI:17234	{'glucose': 1627, 'dextrose': 157}
B_chebi_multi_compound	CHEBI:32599	{'sulfate': 446, 'mgso4': 1271, 'mgso': 10, '7h mgso o': 17, 'hepta sulfate': 2, 'mgso4 x': 1, 'h2o mgso4': 1}
B_chebi_multi_compound	CHEBI:29377	{'na2co3': 1708, 'naco3': 5, 'buffer co2 na2co3': 1, 'carbonate': 21, 'co': 1}
B_chebi_multi_compound	CHEBI:16494	{'lipoate': 71, 'acid lipoic': 623, 'acid alpha lipoic': 956, '6 8 acid dl thioctic': 5, 'acid alpha dl lipoic': 2}
B_chebi_multi_compound	CHEBI:63939	{'na2wo4': 1425, 'nawo4': 3, 'tungstate': 94}
B_chebi_multi_compound	CHEBI:34683	{'na2hpo4': 1150, 'phosphate': 194, 'dibasic phosphate': 149, 'na2hpo': 11, 'hydrogen phosphate': 1, 'hpo': 9, 'anydrous hpo': 2}
B_chebi_multi_compound	CHEBI:86249	{'fecl2': 1375, 'chloride tetra': 19, 'fecl2 tetra': 2}
B_chebi_multi_compound	CHEBI:131361	{'na2seo3': 1228, 'na2se3': 3, 'penta selenite': 124}
B_chebi_multi_compound	CHEBI:31440	{'cuso4': 1173, '5h cuso o': 18, 'copper penta sulfate': 159}
B_chebi_multi_compound	CHEBI:44557	{'acid nitrilotriacetic': 1347, 'nitrilotriacetate': 2}
B_chebi_multi_compound	CHEBI:32149	{'na2so4': 1213, 'sulfate': 67, 'naso4': 4}
B_chebi_multi_compound	CHEBI:32145	{'naoh': 1207, 'hydroxide': 10}
B_chebi_multi_compound	CHEBI:91248	{'cysteine h2o l': 1172, 'cysteine': 13, 'cysteine l': 13}
B_chebi_multi_compound	CHEBI:17997	{'gas nitrogen': 531, 'n2': 560, 'nitrogen': 6}
B_chebi_multi_compound	CHEBI:86364	{'manganese sulfate': 149, 'mnso': 823, 'h2o mnso4': 27}
B_chebi_multi_compound	CHEBI:3312	{'chloride': 321, 'cacl2': 621, 'cacl': 17, '6h cacl o': 5}
B_chebi_multi_compound	CHEBI:32954	{'acetate': 889, '1 acetate m': 2}
B_chebi_multi_compound	CHEBI:53470	{'coso4': 800, 'cobaltous sulfate': 40}
B_chebi_multi_compound	CHEBI:75215	{'molybdate': 164, 'na2moo4': 603, 'na2moo': 4, 'na2moo4xh2o': 1, 'h2o na2moo4': 3}
B_chebi_multi_compound	CHEBI:86465	{'alk2': 564, 'kal2': 94, 'aluminum dodeca sulfate': 117}
B_chebi_multi_compound	CHEBI:16526	{'carbon dioxide gas': 709, 'co2': 58}
B_chebi_multi_compound	CHEBI:64734	{'2na edta': 48, 'edta': 651, 'na2edta': 2, 'edta na3': 2, 'edtana': 5, '2h edta o': 3}
B_chebi_multi_compound	CHEBI:28017	{'starch': 577, 'soluble starch': 109, 'corn starch': 11, 'rice starch': 2}
B_chebi_multi_compound	CHEBI:50144	{'pyruvate': 696, '1 m pyruvate': 1}
B_chebi_multi_compound	CHEBI:42758	{'glucose': 516, 'd glucose': 141, 'dextrose': 27}
B_chebi_multi_compound	CHEBI:32150	{'na2s2o3': 521, 'nas2o3': 9, 'penta thiosulfate': 27}
B_chebi_multi_compound	CHEBI:86254	{'fecl3': 484, 'fecl3 x': 1}
B_chebi_multi_compound	CHEBI:86463	{'aluminum sulfate': 65, '7h o znso': 22, 'alk2': 173, 'hepta sulfate': 160, 'kal2': 1, '9h o sio': 4}
B_chebi_multi_compound	CHEBI:6636	{'mgcl2': 391, 'mgcl2x': 5, 'chloride hexa': 2}
B_chebi_multi_compound	CHEBI:144421	{'citrate fe': 265, 'fecitrate': 16, 'citrate': 100}
B_chebi_multi_compound	CHEBI:32030	{'kbr': 353, 'hpo': 19, 'bromide': 5}
B_chebi_multi_compound	CHEBI:176843	{'b12 vitamine': 14, 'b12 vitamin': 357, 'vitaminb12': 1}
B_chebi_multi_compound	CHEBI:86360	{'h2o mnso4 n': 218, 'mnso4': 66, 'mnso4 xh2o': 62, 'mnso4 nh2o': 23}
B_chebi_multi_compound	CHEBI:53258	{'citrate trisodium': 204, 'citrate': 69, 'acid citric': 51, 'citrate na3': 42}
B_chebi_multi_compound	CHEBI:48843	{'na2seo3': 329, 'selenite': 28, 'na2seo': 1, 'naseo3': 1}
B_chebi_multi_compound	CHEBI:26836	{'h2so4': 333, 'acid sulfuric': 5}
B_chebi_multi_compound	CHEBI:3311	{'caco3': 310, 'carbonate': 6}
B_chebi_multi_compound	CHEBI:75832	{'sulfate': 204, '7h feso o': 9, 'feso4': 85, 'hepta sulfate': 5}
B_chebi_multi_compound	CHEBI:28741	{'naf': 298, 'fluoride': 4}
B_chebi_multi_compound	CHEBI:53426	{'80 tween': 293, '80 polysorbate': 2}
B_chebi_multi_compound	CHEBI:63038	{'nitrate': 30, 'no3': 176, 'nh4no3': 61}
B_chebi_multi_compound	CHEBI:17154	{'nicotinamide': 155, 'amide nicotine': 92, 'acid amide nicotinic': 9, 'niacinamide': 6}
B_chebi_multi_compound	CHEBI:50385	{'hemin': 106, 'haemin': 147, 'chloride hemin': 3}
B_chebi_multi_compound	CHEBI:37585	{'dihydrogen phosphate': 78, 'nah2po4': 114, 'nah2po': 23, 'monobasic phosphate': 36, '2h nah o po': 4}
B_chebi_multi_compound	CHEBI:75228	{'lactate': 158, 'dl lactate': 76, 'l lactate': 13, '1 lactate m': 6}
B_chebi_multi_compound	CHEBI:35176	{'sulfate zinc': 196, 'znso4': 53}
B_chebi_multi_compound	CHEBI:36383	{'srcl2': 238, 'chloride strontium': 6}
B_chebi_multi_compound	CHEBI:18276	{'gas hydrogen': 232, 'h2': 8}
B_chebi_multi_compound	CHEBI:63004	{'nabr': 237, 'bromide': 3}
B_chebi_multi_compound	CHEBI:52891	{'cysteine': 104, 'cysteine l': 132}
B_chebi_multi_compound	CHEBI:17754	{'glycerol': 221, 'glycerin': 8}
B_chebi_multi_compound	CHEBI:17992	{'sucrose': 226, 'd sucrose': 2}
B_chebi_multi_compound	CHEBI:32035	{'koh': 190, 'hydroxide': 32}
B_chebi_multi_compound	CHEBI:91249	{'acid molybdic tetra': 38, '6mo7o24': 149, 'molybdate': 3, '2moo4': 4, 'heptamolybdate tetra': 13, 'diammonium molybdate': 3}
B_chebi_multi_compound	CHEBI:17057	{'cellobiose': 207, 'cellobiose d': 2}
B_chebi_multi_compound	CHEBI:63005	{'nano3': 147, 'nitrate': 56, 'no3': 3}
B_chebi_multi_compound	CHEBI:76181	{'fe22': 203, 'hexa sulfate': 1}
B_chebi_multi_compound	CHEBI:86214	{'co2': 132, 'cobalt hexa nitrate': 69}
B_chebi_multi_compound	CHEBI:62965	{'formate': 182, 'formiate': 5}
B_chebi_multi_compound	CHEBI:23414	{'cupric sulfate': 119, 'cuso4': 52, 'copper sulfate': 9, 'cuso': 2}
B_chebi_multi_compound	CHEBI:49553	{'chloride cupric': 77, 'cucl2': 99, 'cucl': 3}
B_chebi_multi_compound	CHEBI:17561	{'cysteine l': 112, 'cysteine h2o l': 49, 'cysteine h2o': 14}
B_chebi_multi_compound	CHEBI:31604	{'ammmonium citrate': 1, 'citrate': 154, 'fecitrate': 19}
B_chebi_multi_compound	CHEBI:36385	{'srcl2': 169, 'chloride hexa strontium': 1}
B_chebi_multi_compound	CHEBI:86159	{'ca2': 153, 'nitrate tetra': 3}
B_chebi_multi_compound	CHEBI:9754	{'buffer tris': 45, 'tromethamine': 21, 'tris': 37, 'base tris': 38, 'trismethylamine': 2, '1m buffer tris': 1, 'trisaminomethane': 10, 'acid nitrilotriacetic trisodium': 1}
B_chebi_multi_compound	CHEBI:16236	{'ethanol': 152, 'alcohol ethyl': 1}
B_chebi_multi_compound	CHEBI:77775	{'selenate': 44, 'na2seo4': 108}
B_chebi_multi_compound	CHEBI:63041	{'mncl2': 26, 'chloride manganese': 123}
B_chebi_multi_compound	CHEBI:194474	{'4 acid aminobenzoic': 135, 'acid amino benzoic p': 7}
B_chebi_multi_compound	CHEBI:86481	{'thioglycolate': 131, 'thioglycollate': 8}
B_chebi_multi_compound	CHEBI:17836	{'4 aminobenzoate': 93, 'aminobenzoate p': 43, 'paba': 1}
B_chebi_multi_compound	CHEBI:32036	{'sulfate': 22, 'k2so4': 113}
B_chebi_multi_compound	CHEBI:63940	{'na2wo4': 117, 'tungstate': 14}
B_chebi_multi_compound	CHEBI:16015	{'glutamate l': 73, 'acid glutamic l': 55}
B_chebi_multi_compound	CHEBI:64220	{'glutamate': 120, 'glutamate monosodium': 8}
B_chebi_multi_compound	CHEBI:15603	{'leucine': 25, 'l leucine': 103}
B_chebi_multi_compound	CHEBI:17191	{'isoleucine': 25, 'isoleucine l': 94}
B_chebi_multi_compound	CHEBI:17196	{'asparagine l': 113, 'asparagin l': 5}
B_chebi_multi_compound	CHEBI:7916	{'acid pantothenic': 113, 'acid dl pantothenic': 3, 'pantothenate': 1}
B_chebi_multi_compound	CHEBI:32583	{'caso4': 113, 'caso4 x': 1}
B_chebi_multi_compound	CHEBI:15971	{'histidine l': 111, 'histidin l': 1}
B_chebi_multi_compound	CHEBI:17295	{'phenylalanine': 27, 'l phenylalanine': 85}
B_chebi_multi_compound	CHEBI:16414	{'valine': 24, 'l valine': 87}
B_chebi_multi_compound	CHEBI:17115	{'l serine': 109, 'l serin': 1}
B_chebi_multi_compound	CHEBI:16135	{'acid isobutyric': 77, 'acid butyric iso': 31}
B_chebi_multi_compound	CHEBI:28869	{'k3 vitamin': 85, 'menadione': 22}
B_chebi_multi_compound	CHEBI:30769	{'acid citric': 42, 'citrate': 63}
B_chebi_multi_compound	CHEBI:17418	{'acid valeric': 62, 'acid n valeric': 42}
B_chebi_multi_compound	CHEBI:16977	{'alanine': 50, 'alanine l': 54}
B_chebi_multi_compound	CHEBI:17306	{'h2o maltose': 6, 'maltose': 94, 'd maltose': 2}
B_chebi_multi_compound	CHEBI:232798	{'l lactate': 54, 'lactate': 3, 'dl lactate': 1, 'd l lactate': 40}
B_chebi_multi_compound	CHEBI:17895	{'dl tyrosine': 18, 'l tyrosine': 77}
B_chebi_multi_compound	CHEBI:14258	{'sulfur': 82, 'powder sulfur': 6}
B_chebi_multi_compound	CHEBI:32142	{'citrate': 76, 'citrate na3': 11, 'citrate trisodium': 1}
B_chebi_multi_compound	CHEBI:16857	{'dl threonine': 1, 'l threonine': 86}
B_chebi_multi_compound	CHEBI:86358	{'mnso4': 75, 'manganese sulfate tetra': 2}
B_chebi_multi_compound	CHEBI:78018	{'trypticase': 76, 'bacto tryptone': 1}
B_chebi_multi_compound	CHEBI:28484	{'acid isovaleric': 60, 'acid iso valeric': 8, '3 acid butyric methyl': 1, '3 acid methylbutyric': 2}
B_chebi_multi_compound	CHEBI:44115	{'acid morpholinopropane sulfonic': 6, 'mops': 17, 'buffer mops': 15, '3 acid propanesulfonic': 32}
B_chebi_multi_compound	CHEBI:42334	{'hepes': 65, '1 4 acid piperazineethanesulfonic': 1}
B_chebi_multi_compound	CHEBI:30812	{'chloride': 36, 'fecl2': 28}
B_chebi_multi_compound	CHEBI:85248	{'gelrite': 21, 'starch': 29, 'gellan gum': 12}
B_chebi_multi_compound	CHEBI:8346	{'ki': 36, 'iodide': 25}
B_chebi_multi_compound	CHEBI:91261	{'dl malate': 28, 'malate': 28, 'l malate': 5}
B_chebi_multi_compound	CHEBI:16709	{'pyridoxine': 54, 'b6 vitamin': 6}
B_chebi_multi_compound	CHEBI:63076	{'2 citrate': 27, 'citrate diammonium hydrogen': 22, 'citrate diammonium': 8}
B_chebi_multi_compound	CHEBI:63037	{'3 citrate': 40, 'citrate': 4, 'citrate triammonium': 12}
B_chebi_multi_compound	CHEBI:17905	{'2 mercaptoethanesulfonate': 25, 'coenzyme m': 21, '2 acid mercaptoethanesulfonic': 10}
B_chebi_multi_compound	CHEBI:18320	{'dithiothreitol dl': 40, 'dithiothreitol': 13, 'dtt': 2}
B_chebi_multi_compound	CHEBI:39005	{'mes': 34, '2 acid ethane mes sulfonic': 13, 'acids mes': 1, '2 acid ethanesulfonic': 2}
B_chebi_multi_compound	CHEBI:8150	{'bacto soytone': 32, 'soytone': 17}
B_chebi_multi_compound	CHEBI:76208	{'na2s': 41, 'sulfide': 4, 'h2o na2s': 3}
B_chebi_multi_compound	CHEBI:30808	{'fecl3': 43, 'chloride': 5}
B_chebi_multi_compound	CHEBI:30772	{'acid butyric': 27, 'acid butyric n': 18, 'acid butanoic': 2}
B_chebi_multi_compound	CHEBI:17268	{'inositol myo': 38, 'inositol': 7}
B_chebi_multi_compound	CHEBI:87020	{'h2o n voso4': 41, 'voso4 xh2o': 4}
B_chebi_multi_compound	CHEBI:85357	{'sulfide': 9, 'nona sulfide': 36}
B_chebi_multi_compound	CHEBI:15356	{'cysteine': 43, 'cystein': 1}
B_chebi_multi_compound	CHEBI:64700	{'trimethylamine': 42, 'methylamine': 1, 'chloride trimethylammonium': 1}
B_chebi_multi_compound	CHEBI:113455	{'benzoate': 41, 'sodiumbenzoate': 2}
B_chebi_multi_compound	CHEBI:91247	{'cysteine': 12, 'cysteine l': 29}
B_chebi_multi_compound	CHEBI:18167	{'maltose': 39, 'soluble starch': 1}
B_chebi_multi_compound	CHEBI:27897	{'tryptophan': 35, 'dl tryptophan': 2}
B_chebi_multi_compound	CHEBI:17750	{'betaine h2o': 14, 'betaine': 12, 'betaine glycine': 1, 'trimethylglycine': 10}
B_chebi_multi_compound	CHEBI:17596	{'inosine': 22, 'inosin': 14}
B_chebi_multi_compound	CHEBI:86356	{'mnso4': 31, 'manganese sulfate': 3}
B_chebi_multi_compound	CHEBI:132112	{'thiosulfate': 26, 'thiosulphate': 6, 'nas2o3': 2}
B_chebi_multi_compound	CHEBI:30729	{'edta fe': 33, 'edta': 1}
B_chebi_multi_compound	CHEBI:27570	{'histidine': 31, 'dl histidine': 2}
B_chebi_multi_compound	CHEBI:18246	{'cellulose': 32, 'filter paper': 1}
B_chebi_multi_compound	CHEBI:30627	{'moo3': 28, 'molybdenum trioxide': 4}
B_chebi_multi_compound	CHEBI:42106	{'dithiothreitol dl': 1, 'dithiothreitol': 30}
B_chebi_multi_compound	CHEBI:503742	{'acid iso valeric': 25, 'acid isovaleric': 3}
B_chebi_multi_compound	CHEBI:75216	{'2h namoo o': 2, '2h moo o': 26}
B_chebi_multi_compound	CHEBI:64103	{'butyrate': 26, '1 butyrate m': 2}
B_chebi_multi_compound	CHEBI:86477	{'na2so3': 23, 'sulfite': 2, 'na2sio3': 2}
B_chebi_multi_compound	CHEBI:131378	{'fe22': 26, 'fe22x': 1}
B_chebi_multi_compound	CHEBI:6650	{'acid malic': 6, 'acid dl malic': 7, 'acid d l malic': 14}
B_chebi_multi_compound	CHEBI:63043	{'kno': 14, 'nitrate': 11}
B_chebi_multi_compound	CHEBI:132108	{'na2sio3': 21, 'nasio3': 4}
B_chebi_multi_compound	CHEBI:22653	{'asparagine': 22, 'asparagine dl h2o': 2}
B_chebi_multi_compound	CHEBI:53438	{'fe23 h2o n': 21, 'fe3 h2o n': 1}
B_chebi_multi_compound	CHEBI:28645	{'fructose': 21, 'beta d fructose': 1}
B_chebi_multi_compound	CHEBI:132089	{'beta glycerophosphate': 20, 'glycerolphosphate': 2}
B_chebi_multi_compound	CHEBI:131532	{'dihydrochloride pyridoxine': 2, 'dihydrochloride pyridoxamine': 19}
B_chebi_multi_compound	CHEBI:184335	{'nh4hco3': 19, 'hco3': 2}
B_chebi_multi_compound	CHEBI:86466	{'k2s4o6': 18, 'tetrathionate': 2}
B_chebi_multi_compound	CHEBI:63125	{'edta na3': 15, '3na edta': 3}
B_chebi_multi_compound	CHEBI:31346	{'caso4': 16, 'sulfate': 1}
B_chebi_multi_compound	CHEBI:18290	{'pyrophosphate thiamine': 14, 'carboxylase co': 2}
B_chebi_multi_compound	CHEBI:30776	{'acid caproic': 13, 'acid capronic': 3}
B_chebi_multi_compound	CHEBI:132095	{'navo': 14, 'h2o n navo3': 2}
B_chebi_multi_compound	CHEBI:5291	{'gelatine': 10, 'gelatin': 6}
B_chebi_multi_compound	CHEBI:65242	{'naclo3': 15, 'chlorate': 1}
B_chebi_multi_compound	CHEBI:63686	{'succinate': 6, 'dibasic hexa succinate': 10}
B_chebi_multi_compound	CHEBI:86209	{'co2': 7, 'cobalt nitrate': 8}
B_chebi_multi_compound	CHEBI:16810	{'2 oxoglutarate': 2, 'alpha ketoglutarate': 2, 'a acid ketoglutaric': 11}
B_chebi_multi_compound	CHEBI:26642	{'h2seo3': 14, 'acid selenous': 1}
B_chebi_multi_compound	CHEBI:64243	{'glutamate': 12, 'glutamate monosodium': 2}
B_chebi_multi_compound	CHEBI:31695	{'indigocarmine': 12, 'carmine indigo': 2}
B_chebi_multi_compound	CHEBI:62982	{'nh4h2po4': 10, 'h2po4': 3}
B_chebi_multi_compound	CHEBI:30951	{'kscn': 11, 'thiocyanate': 1}
B_chebi_multi_compound	CHEBI:27082	{'trehalose': 8, 'd trehalose': 3}
B_chebi_multi_compound	CHEBI:64758	{'na2edta': 10, 'edta': 1}
B_chebi_multi_compound	CHEBI:43796	{'acid lipoic': 5, '6 8 acid d l thioctic': 6}
B_chebi_multi_compound	CHEBI:27641	{'cycloheximid': 6, 'cycloheximide': 4}
B_chebi_multi_compound	CHEBI:36218	{'lactose': 9, 'beta lactose': 1}
B_chebi_multi_compound	CHEBI:37070	{'2 acid butyric methyl': 1, 'acid alpha butyric dl methyl': 4, 'acid alpha methylbutyric': 3, '2 acid butyric dl methyl': 1}
B_chebi_multi_compound	CHEBI:132767	{'pyrophosphate': 6, 'fe42': 3}
B_chebi_multi_compound	CHEBI:18385	{'thiamin': 8, 'thiamine': 1}
B_chebi_multi_compound	CHEBI:33403	{'elemental sulphur': 6, 'elemental sulfur': 3}
B_chebi_multi_compound	CHEBI:6635	{'mgcl2': 1, '6h mgcl o': 8}
B_chebi_multi_compound	CHEBI:15346	{'a coenzyme': 6, 'a coenzym': 2}
B_chebi_multi_compound	CHEBI:85146	{'carboxymethyl cellulose': 5, 'carboxymethylcellulose': 2}
B_chebi_multi_compound	CHEBI:64183	{'cacl2': 1, '2h cacl o': 6}
B_chebi_multi_compound	CHEBI:17879	{'4 hydroxybenzoate': 3, 'hydroxybenzoate p': 3}
B_chebi_multi_compound	CHEBI:32586	{'na2seo4': 2, 'na2so4': 4}
B_chebi_multi_compound	CHEBI:41808	{'decane': 3, 'decane n': 3}
B_chebi_multi_compound	CHEBI:86469	{'citrate triammonium': 2, '6h o zncl': 4}
B_chebi_multi_compound	CHEBI:16991	{'dna': 2, 'dna fish sperm': 3}
B_chebi_multi_compound	CHEBI:82664	{'powder': 3, 'metal': 2}
B_chebi_multi_compound	CHEBI:26709	{'nahso3': 3, 'bisulfite': 2}
B_chebi_multi_compound	CHEBI:28911	{'cobalamin': 4, 'cobalamine': 1}
B_chebi_multi_compound	CHEBI:18101	{'4 acetic acid hydroxyphenyl': 3, '4 hydroxyphenylacetate': 1}
B_chebi_multi_compound	CHEBI:91241	{'nh4 oxalate': 2, 'oxalate': 2}
B_chebi_multi_compound	CHEBI:191088	{'buffer caps': 1, 'caps': 3}
B_chebi_multi_compound	CHEBI:9532	{'pyrophosphate thiamine': 2, '0 2 pyrophosphate thiamine': 1}
B_chebi_multi_compound	CHEBI:16551	{'trehalose': 2, 'd trehalose': 1}
B_chebi_multi_compound	CHEBI:40957	{'bicine': 1, 'bicine buffer': 2}
B_chebi_multi_compound	CHEBI:17544	{'hco3': 1, 'bicarbonate': 1}
B_chebi_multi_compound	CHEBI:132766	{'0 5 acid m nitrilotriacetic': 1, 'acid nitrilotriacetic trisodium': 1}
B_chebi_multi_compound	CHEBI:49474	{'ar': 1, 'argon': 1}
