filename	categories	classification	evidence	ids	ingredient_counts
1_10_sabourauds_agar.yaml	bacterial,fungal	EQUIVALENT	same after normalizing ingredient labels and ignoring water	CultureMech:009437,CultureMech:010521	7,6
1_10_yeast_extract_malt_extract_agar.yaml	bacterial,fungal	DIFFERENT	2/6 ingredient rows shared; sizes [4, 4]	CultureMech:010428,CultureMech:010486	5,4
1_10_yeast_starch_agar.yaml	bacterial,fungal	EQUIVALENT	same after normalizing ingredient labels and ignoring water	CultureMech:007824,CultureMech:010505	4,3
1_2_tryptic_soy_broth_anaerobic.yaml	bacterial,specialized	DIFFERENT	3/14 ingredient rows shared; sizes [5, 12]	CultureMech:009314,CultureMech:015334	13,5
1_5_yeast_starch_agar.yaml	bacterial,fungal	EQUIVALENT	same after normalizing ingredient labels and ignoring water	CultureMech:008540,CultureMech:010508	4,3
2_glucose_yeast_extract_peptone_agar.yaml	bacterial,fungal	DIFFERENT	7/9 ingredient rows shared; sizes [8, 8]	CultureMech:009517,CultureMech:010522	9,8
2_malt_agar.yaml	bacterial,fungal	DIFFERENT	1/3 ingredient rows shared; sizes [2, 2]	CultureMech:009585,CultureMech:010523	3,2
2asw.yaml	bacterial,algae	DIFFERENT	6/21 ingredient rows shared; sizes [13, 14]	CultureMech:000415,CultureMech:000038	14,13
3n_bbm_v.yaml	bacterial,algae	DIFFERENT	5/17 ingredient rows shared; sizes [7, 15]	CultureMech:000321,CultureMech:000039	15,7
4_malt_agar.yaml	bacterial,fungal	DIFFERENT	1/3 ingredient rows shared; sizes [2, 2]	CultureMech:009038,CultureMech:010514	3,2
a_medium.yaml	bacterial,algae	DIFFERENT	0/47 ingredient rows shared; sizes [10, 37]	CultureMech:008389,CultureMech:000022	38,10
abm.yaml	bacterial,algae	DIFFERENT	5/16 ingredient rows shared; sizes [6, 15]	CultureMech:000327,CultureMech:000040	15,6
acidic_yeast_extract_malt_extract_agar_ph_5_0.yaml	bacterial,fungal	DIFFERENT	0/4 ingredient rows shared; sizes [0, 4]	CultureMech:009798,CultureMech:010525	0,4
acidic_yeast_starch_agar_ph_5_0.yaml	bacterial,fungal	DIFFERENT	0/3 ingredient rows shared; sizes [0, 3]	CultureMech:010249,CultureMech:010549	0,3
aerobic_marine_tryptone_yeast_extract_medium.yaml	bacterial,fungal	EQUIVALENT	same after normalizing ingredient labels and ignoring water	CultureMech:007849,CultureMech:010497	9,8
ajs.yaml	bacterial,algae	DIFFERENT	0/22 ingredient rows shared; sizes [6, 16]	CultureMech:000338,CultureMech:000041	16,6
alkaline_malt_extract_agar.yaml	bacterial,fungal	DIFFERENT	0/9 ingredient rows shared; sizes [4, 5]	CultureMech:007924,CultureMech:010507	6,4
alkaline_tryptone_yeast_extract_medium.yaml	bacterial,fungal	DIFFERENT	0/12 ingredient rows shared; sizes [6, 6]	CultureMech:009971,CultureMech:010537	7,6
alkaline_yeast_extract_malt_extract_agar.yaml	bacterial,fungal	DIFFERENT	1/8 ingredient rows shared; sizes [4, 5]	CultureMech:008373,CultureMech:010552	5,4
alkalophilic_halophile_medium.yaml	bacterial,archaea	IDENTICAL	verbatim same ingredients, groundings, concentrations and units	CultureMech:004157,CultureMech:000255	10,10
anaerobic_alkaline_glucose_medium.yaml	bacterial,specialized	DIFFERENT	0/39 ingredient rows shared; sizes [9, 30]	CultureMech:007857,CultureMech:015394	10,30
anaerobic_alkaline_ye_medium.yaml	bacterial,specialized	DIFFERENT	0/33 ingredient rows shared; sizes [12, 21]	CultureMech:007563,CultureMech:015429	13,21
anaerobic_bicarbonate_buffered_medium_with_phenol.yaml	bacterial,specialized	DIFFERENT	0/41 ingredient rows shared; sizes [10, 31]	CultureMech:007549,CultureMech:015428	11,31
anaerobic_brain_heart_infusion_broth.yaml	bacterial,specialized	DIFFERENT	0/12 ingredient rows shared; sizes [3, 9]	CultureMech:010151,CultureMech:015416	10,3
anaerobic_cholesterol_medium.yaml	bacterial,specialized	IDENTICAL	verbatim same ingredients, groundings, concentrations and units	CultureMech:006675,CultureMech:015368	29,29
anaerobic_marine_broth_2216.yaml	bacterial,specialized	DIFFERENT	1/8 ingredient rows shared; sizes [4, 5]	CultureMech:010147,CultureMech:015415	6,4
anaerobic_mineral_medium_with_yeast_extract.yaml	bacterial,fungal	DIFFERENT	0/42 ingredient rows shared; sizes [9, 33]	CultureMech:007716,CultureMech:010491	10,33
anaerobic_natural_seawater_medium.yaml	bacterial,specialized	DIFFERENT	0/11 ingredient rows shared; sizes [5, 6]	CultureMech:007700,CultureMech:015380	6,6
anaerobic_sulfolobales_medium.yaml	archaea,specialized	DIFFERENT	1/21 ingredient rows shared; sizes [7, 15]	CultureMech:010119,CultureMech:015414	7,15
anaerobic_thauera_medium.yaml	bacterial,specialized	IDENTICAL	verbatim same ingredients, groundings, concentrations and units	CultureMech:004072,CultureMech:015338	33,33
ant.yaml	bacterial,algae	DIFFERENT	6/19 ingredient rows shared; sizes [10, 15]	CultureMech:000349,CultureMech:000042	15,10
artficial_marine_water_medium.yaml	bacterial,specialized	DIFFERENT	0/32 ingredient rows shared; sizes [9, 23]	CultureMech:007728,CultureMech:015384	10,23
artificial_seawater_for_halophiles.yaml	bacterial,archaea	DIFFERENT	11/12 ingredient rows shared; sizes [11, 12]	CultureMech:009844,CultureMech:000298	13,11
artificial_seawater_yeast_extract_tryptone_medium.yaml	bacterial,fungal	DIFFERENT	12/16 ingredient rows shared; sizes [13, 15]	CultureMech:007903,CultureMech:010499	16,13
asw.yaml	bacterial,algae	DIFFERENT	6/20 ingredient rows shared; sizes [13, 13]	CultureMech:000360,CultureMech:000050	13,13
asw_150_barley.yaml	bacterial,algae	DIFFERENT	4/7 ingredient rows shared; sizes [5, 6]	CultureMech:000382,CultureMech:000044	5,6
asw_225_barley.yaml	bacterial,algae	DIFFERENT	3/6 ingredient rows shared; sizes [4, 5]	CultureMech:000393,CultureMech:000046	5,4
asw_300_barley.yaml	bacterial,algae	DIFFERENT	3/8 ingredient rows shared; sizes [5, 6]	CultureMech:000404,CultureMech:000048	5,6
asw_barley.yaml	bacterial,algae	DIFFERENT	6/21 ingredient rows shared; sizes [13, 14]	CultureMech:000371,CultureMech:000043	14,13
asw_ses.yaml	bacterial,algae	DIFFERENT	6/22 ingredient rows shared; sizes [12, 16]	CultureMech:000318,CultureMech:000052	16,12
aswp.yaml	bacterial,algae	DIFFERENT	1/10 ingredient rows shared; sizes [5, 6]	CultureMech:000319,CultureMech:000051	6,5
bacto_marine_agar.yaml	bacterial,specialized	IDENTICAL	verbatim same ingredients, groundings, concentrations and units	CultureMech:006092,CultureMech:015364	1,1
bacto_marine_broth_difco_2216.yaml	bacterial,specialized	DIFFERENT	0/34 ingredient rows shared; sizes [16, 18]	CultureMech:005850,CultureMech:015357	18,16
bb.yaml	bacterial,algae	DIFFERENT	3/19 ingredient rows shared; sizes [6, 16]	CultureMech:000320,CultureMech:000053	16,6
bb_merds.yaml	bacterial,algae	DIFFERENT	3/25 ingredient rows shared; sizes [8, 20]	CultureMech:000323,CultureMech:000054	20,8
bg11.yaml	bacterial,algae	DIFFERENT	0/29 ingredient rows shared; sizes [14, 15]	CultureMech:000324,CultureMech:015450	15,14
bhis.yaml	bacterial,specialized	DIFFERENT	1/15 ingredient rows shared; sizes [8, 8]	CultureMech:009362,CultureMech:015493	8,8
bl_with_0_5_maltose.yaml	bacterial,fungal	DIFFERENT	1/2 ingredient rows shared; sizes [1, 2]	CultureMech:009801,CultureMech:010526	1,2
brewer_anaerobic_agar_with_2_nacl.yaml	bacterial,specialized	DIFFERENT	1/3 ingredient rows shared; sizes [2, 2]	CultureMech:010090,CultureMech:015412	3,2
c_medium_modified.yaml	bacterial,algae	DIFFERENT	4/17 ingredient rows shared; sizes [6, 15]	CultureMech:000328,CultureMech:000056	15,6
casamino_acids_peptone_czapeks_agar.yaml	bacterial,fungal	DIFFERENT	5/11 ingredient rows shared; sizes [8, 8]	CultureMech:007534,CultureMech:010489	9,8
cgm.yaml	bacterial,algae	DIFFERENT	7/21 ingredient rows shared; sizes [10, 18]	CultureMech:000329,CultureMech:000058	18,10
ch.yaml	bacterial,algae	DIFFERENT	0/4 ingredient rows shared; sizes [1, 3]	CultureMech:000330,CultureMech:000059	3,1
chm.yaml	bacterial,algae	DIFFERENT	0/4 ingredient rows shared; sizes [2, 2]	CultureMech:000331,CultureMech:000060	2,2
cma.yaml	bacterial,algae	DIFFERENT	0/6 ingredient rows shared; sizes [3, 3]	CultureMech:000332,CultureMech:000061	3,3
cytophaga_marine_medium.yaml	bacterial,specialized	IDENTICAL	verbatim same ingredients, groundings, concentrations and units	CultureMech:004200,CultureMech:015349	9,9
czapek_dox_agar.yaml	bacterial,fungal	IDENTICAL	verbatim same ingredients, groundings, concentrations and units	CultureMech:004065,CultureMech:010446	7,7
czapek_peptone_agar.yaml	bacterial,fungal	IDENTICAL	verbatim same ingredients, groundings, concentrations and units	CultureMech:006636,CultureMech:010479	9,9
czapek_solution_agar_a.yaml	bacterial,fungal	DIFFERENT	6/8 ingredient rows shared; sizes [7, 7]	CultureMech:008886,CultureMech:010519	8,7
czapek_solution_agar_b.yaml	bacterial,fungal	DIFFERENT	6/8 ingredient rows shared; sizes [7, 7]	CultureMech:009206,CultureMech:010517	8,7
czapek_yeast_extract_agar_cya.yaml	bacterial,fungal	DIFFERENT	0/21 ingredient rows shared; sizes [10, 11]	CultureMech:008792,CultureMech:010511	12,10
czapeks_solution_agar_with_200_g_sucrose.yaml	bacterial,fungal	DIFFERENT	6/8 ingredient rows shared; sizes [7, 7]	CultureMech:009642,CultureMech:010524	8,7
desulfovibrio_marine_medium.yaml	bacterial,specialized	DIFFERENT	0/23 ingredient rows shared; sizes [11, 12]	CultureMech:004189,CultureMech:015419	12,11
dilute_filtered_malt_extract_agar.yaml	bacterial,fungal	IDENTICAL	verbatim same ingredients, groundings, concentrations and units	CultureMech:004153,CultureMech:010452	2,2
diluted_marine_agar.yaml	bacterial,specialized	DIFFERENT	1/5 ingredient rows shared; sizes [3, 3]	CultureMech:010060,CultureMech:015411	4,3
dm.yaml	bacterial,algae,specialized	DIFFERENT	0/24 ingredient rows shared; sizes [5, 6, 13]	CultureMech:000333,CultureMech:000063,CultureMech:015514	13,5,6
e26_biotin.yaml	bacterial,algae	DIFFERENT	0/12 ingredient rows shared; sizes [4, 8]	CultureMech:000336,CultureMech:000064	8,4
e26_biotin_ant.yaml	bacterial,algae	DIFFERENT	6/27 ingredient rows shared; sizes [14, 19]	CultureMech:000337,CultureMech:000065	19,14
e27.yaml	bacterial,algae	DIFFERENT	0/14 ingredient rows shared; sizes [4, 10]	CultureMech:000339,CultureMech:000066	10,4
e31.yaml	bacterial,algae	DIFFERENT	0/11 ingredient rows shared; sizes [3, 8]	CultureMech:000340,CultureMech:000067	8,3
e31_ant.yaml	bacterial,algae	DIFFERENT	6/25 ingredient rows shared; sizes [13, 18]	CultureMech:000341,CultureMech:000068	18,13
ea.yaml	bacterial,algae	DIFFERENT	5/10 ingredient rows shared; sizes [7, 8]	CultureMech:000342,CultureMech:000069	8,7
eg.yaml	bacterial,algae	DIFFERENT	0/11 ingredient rows shared; sizes [5, 6]	CultureMech:000334,CultureMech:000070	6,5
eg_jm.yaml	bacterial,algae	DIFFERENT	0/30 ingredient rows shared; sizes [10, 20]	CultureMech:000335,CultureMech:000071	20,10
emersons_yeast_starch_agar.yaml	bacterial,fungal	DIFFERENT	4/6 ingredient rows shared; sizes [5, 5]	CultureMech:010051,CultureMech:010547	6,5
emersons_yeast_starch_agar_eys.yaml	bacterial,fungal	IDENTICAL	verbatim same ingredients, groundings, concentrations and units	CultureMech:006000,CultureMech:010470	5,5
f_2.yaml	bacterial,algae	DIFFERENT	0/28 ingredient rows shared; sizes [14, 14]	CultureMech:000343,CultureMech:000149	14,14
f_2_si.yaml	bacterial,algae	DIFFERENT	0/31 ingredient rows shared; sizes [15, 16]	CultureMech:000346,CultureMech:000148	15,16
f_2_si_for_heterotrophic_growth.yaml	bacterial,algae	DIFFERENT	7/19 ingredient rows shared; sizes [12, 14]	CultureMech:000347,CultureMech:000147	14,12
fe_iii_reducer_marine_enrichment_medium.yaml	bacterial,specialized	DIFFERENT	0/55 ingredient rows shared; sizes [24, 31]	CultureMech:009793,CultureMech:015404	32,24
ferrous_iron_yeast_extract_medium.yaml	bacterial,fungal	DIFFERENT	9/30 ingredient rows shared; sizes [19, 20]	CultureMech:007799,CultureMech:010495	20,20
ferrous_sulfate_yeast_extract_medium.yaml	bacterial,fungal	DIFFERENT	8/9 ingredient rows shared; sizes [8, 9]	CultureMech:003927,CultureMech:010443	9,8
glucose_yeast_extract_medium.yaml	bacterial,fungal	IDENTICAL	verbatim same ingredients, groundings, concentrations and units	CultureMech:005997,CultureMech:010469	4,4
glucose_yeast_peptone_medium.yaml	bacterial,fungal	EQUIVALENT	same after normalizing ingredient labels and ignoring water	CultureMech:009089,CultureMech:010516	5,4
gyp_glucose_yeast_peptone_medium.yaml	bacterial,fungal	IDENTICAL	verbatim same ingredients, groundings, concentrations and units	CultureMech:006668,CultureMech:010480	9,9
half_strength_bacto_marine_broth.yaml	bacterial,specialized	DIFFERENT	1/34 ingredient rows shared; sizes [17, 18]	CultureMech:005853,CultureMech:015358	18,17
half_strength_marine_agar.yaml	bacterial,specialized	DIFFERENT	1/3 ingredient rows shared; sizes [2, 2]	CultureMech:010387,CultureMech:015425	3,2
half_strength_marine_medium_with_1_0_nacl.yaml	bacterial,specialized	DIFFERENT	1/3 ingredient rows shared; sizes [2, 2]	CultureMech:010197,CultureMech:015420	3,2
half_strength_yeast_starch_agar.yaml	bacterial,fungal	EQUIVALENT	same after normalizing ingredient labels and ignoring water	CultureMech:007523,CultureMech:010487	4,3
halophile_medium.yaml	bacterial,archaea	IDENTICAL	verbatim same ingredients, groundings, concentrations and units	CultureMech:006229,CultureMech:000276	13,13
halophile_starch_casein_medium.yaml	bacterial,archaea	DIFFERENT	7/8 ingredient rows shared; sizes [7, 8]	CultureMech:007578,CultureMech:000284	9,7
halophile_yeast_extract_medium.yaml	bacterial,fungal	DIFFERENT	8/9 ingredient rows shared; sizes [8, 9]	CultureMech:009941,CultureMech:010535	10,8
halophilic_medium.yaml	bacterial,archaea	IDENTICAL	verbatim same ingredients, groundings, concentrations and units	CultureMech:003829,CultureMech:000247	9,9
halophilic_sob_medium.yaml	bacterial,archaea	DIFFERENT	0/49 ingredient rows shared; sizes [17, 32]	CultureMech:007580,CultureMech:000285	18,32
hepes_peptone_yeast_extract_medium.yaml	bacterial,fungal	DIFFERENT	0/43 ingredient rows shared; sizes [11, 32]	CultureMech:010201,CultureMech:010548	12,32
hp_101_halophile_medium.yaml	bacterial,archaea	IDENTICAL	verbatim same ingredients, groundings, concentrations and units	CultureMech:006131,CultureMech:000275	6,6
hsm.yaml	bacterial,algae	DIFFERENT	1/10 ingredient rows shared; sizes [5, 6]	CultureMech:000348,CultureMech:000073	6,5
inorganic_salts_maltose_medium.yaml	bacterial,fungal	DIFFERENT	6/7 ingredient rows shared; sizes [6, 7]	CultureMech:006406,CultureMech:010476	7,6
inorganic_salts_starch_agar_isp_4_with_0_05_yeast_extract.yaml	bacterial,fungal	DIFFERENT	1/2 ingredient rows shared; sizes [1, 2]	CultureMech:008702,CultureMech:010510	1,2
ird_marine_clostrida_medium.yaml	bacterial,specialized	DIFFERENT	0/34 ingredient rows shared; sizes [11, 23]	CultureMech:010377,CultureMech:015423	12,23
ird_marine_clostridia_medium_2.yaml	bacterial,specialized	DIFFERENT	0/25 ingredient rows shared; sizes [2, 23]	CultureMech:010411,CultureMech:015427	2,23
ird_marine_desulfovibrio_medium.yaml	bacterial,specialized	DIFFERENT	0/37 ingredient rows shared; sizes [14, 23]	CultureMech:007627,CultureMech:015374	15,23
ird_marine_desulfovibrio_medium_2.yaml	bacterial,specialized	DIFFERENT	0/36 ingredient rows shared; sizes [14, 22]	CultureMech:007720,CultureMech:015382	15,22
ird_marine_desulfovibrio_medium_3.yaml	bacterial,specialized	DIFFERENT	0/36 ingredient rows shared; sizes [14, 22]	CultureMech:007721,CultureMech:015383	15,22
jm.yaml	bacterial,algae	DIFFERENT	0/20 ingredient rows shared; sizes [5, 15]	CultureMech:000350,CultureMech:000074	15,5
jm_se.yaml	bacterial,algae	DIFFERENT	0/20 ingredient rows shared; sizes [4, 16]	CultureMech:000351,CultureMech:000075	16,4
k35.yaml	bacterial,algae	DIFFERENT	0/31 ingredient rows shared; sizes [14, 17]	CultureMech:000354,CultureMech:000078	17,14
k_medium.yaml	bacterial,algae	DIFFERENT	0/29 ingredient rows shared; sizes [14, 15]	CultureMech:000352,CultureMech:000076	15,14
k_minimum.yaml	bacterial,algae	DIFFERENT	0/26 ingredient rows shared; sizes [13, 13]	CultureMech:000353,CultureMech:000077	13,13
l1.yaml	bacterial,algae	DIFFERENT	0/25 ingredient rows shared; sizes [7, 18]	CultureMech:000355,CultureMech:000079	18,7
lb.yaml	bacterial,algae	DIFFERENT	0/6 ingredient rows shared; sizes [3, 3]	CultureMech:015464,CultureMech:000080	3,3
ls4d.yaml	bacterial,specialized	DIFFERENT	0/63 ingredient rows shared; sizes [29, 34]	CultureMech:009357,CultureMech:015535	35,29
maf6_se.yaml	bacterial,algae	DIFFERENT	4/19 ingredient rows shared; sizes [7, 16]	CultureMech:000356,CultureMech:000081	16,7
malt_extract_agar.yaml	bacterial,fungal	EQUIVALENT	same after normalizing ingredient labels and ignoring water	CultureMech:007947,CultureMech:010520	5,4
malt_extract_agar_with_15_nacl.yaml	bacterial,fungal	EQUIVALENT	same after normalizing ingredient labels and ignoring water	CultureMech:007705,CultureMech:010498	6,5
malt_extract_glucose_agar.yaml	bacterial,fungal	IDENTICAL	verbatim same ingredients, groundings, concentrations and units	CultureMech:006382,CultureMech:010475	3,3
malt_extract_peptone_agar.yaml	bacterial,fungal	IDENTICAL	verbatim same ingredients, groundings, concentrations and units	CultureMech:006782,CultureMech:010481	3,3
maltextract_charcoal_medium.yaml	bacterial,fungal	IDENTICAL	verbatim same ingredients, groundings, concentrations and units	CultureMech:006518,CultureMech:010478	3,3
maltose_bennetts_agar.yaml	bacterial,fungal	DIFFERENT	3/7 ingredient rows shared; sizes [5, 5]	CultureMech:008000,CultureMech:010530	6,5
maltose_yeast_extract_medium.yaml	bacterial,fungal	DIFFERENT	3/7 ingredient rows shared; sizes [5, 5]	CultureMech:008298,CultureMech:010540	6,5
mannitol_yeast_extract_medium.yaml	bacterial,fungal	DIFFERENT	5/6 ingredient rows shared; sizes [5, 6]	CultureMech:009045,CultureMech:010515	7,5
mannitol_yeast_extract_peptone_myp.yaml	bacterial,fungal	IDENTICAL	verbatim same ingredients, groundings, concentrations and units	CultureMech:003739,CultureMech:010442	4,4
marine_agar.yaml	bacterial,specialized	IDENTICAL	verbatim same ingredients, groundings, concentrations and units	CultureMech:003997,CultureMech:015335	15,15
marine_agar_2216.yaml	bacterial,specialized	DIFFERENT	0/2 ingredient rows shared; sizes [1, 1]	CultureMech:007629,CultureMech:015393	2,1
marine_agar_2216_ph_8_5.yaml	bacterial,specialized	DIFFERENT	0/1 ingredient rows shared; sizes [0, 1]	CultureMech:007573,CultureMech:015371	0,1
marine_agar_2216_ph_9_0.yaml	bacterial,specialized	DIFFERENT	0/1 ingredient rows shared; sizes [0, 1]	CultureMech:007592,CultureMech:015373	0,1
marine_agar_2216_with_10_nacl.yaml	bacterial,specialized	DIFFERENT	1/2 ingredient rows shared; sizes [1, 2]	CultureMech:010162,CultureMech:015418	1,2
marine_agar_2216_with_1_nacl.yaml	bacterial,specialized	DIFFERENT	1/2 ingredient rows shared; sizes [1, 2]	CultureMech:010393,CultureMech:015426	1,2
marine_agar_2216_with_1_starch.yaml	bacterial,specialized	DIFFERENT	1/2 ingredient rows shared; sizes [1, 2]	CultureMech:007776,CultureMech:015387	1,2
marine_agar_2216_with_3_1_nacl.yaml	bacterial,specialized	DIFFERENT	1/2 ingredient rows shared; sizes [1, 2]	CultureMech:009731,CultureMech:015400	1,2
marine_agar_2216_with_5_nacl.yaml	bacterial,specialized	DIFFERENT	1/2 ingredient rows shared; sizes [1, 2]	CultureMech:010161,CultureMech:015417	1,2
marine_agar_2216_with_8_0_nacl.yaml	bacterial,specialized	DIFFERENT	1/2 ingredient rows shared; sizes [1, 2]	CultureMech:007591,CultureMech:015372	1,2
marine_agar_2216_with_8_nacl.yaml	bacterial,specialized	DIFFERENT	1/2 ingredient rows shared; sizes [1, 2]	CultureMech:009926,CultureMech:015410	1,2
marine_agar_with_1_tween_20.yaml	bacterial,specialized	DIFFERENT	1/2 ingredient rows shared; sizes [1, 2]	CultureMech:010205,CultureMech:015421	1,2
marine_ammonium_mineral_salts.yaml	bacterial,specialized	DIFFERENT	27/28 ingredient rows shared; sizes [27, 28]	CultureMech:004069,CultureMech:015337	28,27
marine_aob_medium_a.yaml	bacterial,specialized	DIFFERENT	0/32 ingredient rows shared; sizes [16, 16]	CultureMech:007643,CultureMech:015376	17,16
marine_aob_medium_b.yaml	bacterial,specialized	DIFFERENT	0/32 ingredient rows shared; sizes [16, 16]	CultureMech:007644,CultureMech:015377	17,16
marine_broth_2216.yaml	bacterial,specialized	DIFFERENT	0/16 ingredient rows shared; sizes [1, 15]	CultureMech:008094,CultureMech:015554	2,15
marine_broth_2216_with_cellobiose.yaml	bacterial,specialized	DIFFERENT	1/3 ingredient rows shared; sizes [2, 2]	CultureMech:007734,CultureMech:015385	3,2
marine_broth_2216_with_pyruvate.yaml	bacterial,specialized	DIFFERENT	0/3 ingredient rows shared; sizes [1, 2]	CultureMech:007874,CultureMech:015395	2,2
marine_caulobacter_medium.yaml	bacterial,specialized	IDENTICAL	verbatim same ingredients, groundings, concentrations and units	CultureMech:006089,CultureMech:015363	3,3
marine_chloroflexi_medium.yaml	bacterial,specialized	DIFFERENT	0/15 ingredient rows shared; sizes [1, 14]	CultureMech:007806,CultureMech:015391	1,14
marine_clostridium_medium.yaml	bacterial,specialized	DIFFERENT	0/40 ingredient rows shared; sizes [10, 30]	CultureMech:007805,CultureMech:015390	11,30
marine_desulfosarcina_medium.yaml	bacterial,specialized	DIFFERENT	0/42 ingredient rows shared; sizes [11, 31]	CultureMech:009767,CultureMech:015403	12,31
marine_medium_with_pyruvate.yaml	bacterial,specialized	IDENTICAL	verbatim same ingredients, groundings, concentrations and units	CultureMech:004058,CultureMech:015336	9,9
marine_medium_with_sulfur.yaml	bacterial,specialized	DIFFERENT	10/14 ingredient rows shared; sizes [10, 14]	CultureMech:009749,CultureMech:015401	15,10
marine_medium_with_thiosulfate.yaml	bacterial,specialized	DIFFERENT	0/15 ingredient rows shared; sizes [1, 14]	CultureMech:009751,CultureMech:015402	15,1
marine_methanobacterium_medium.yaml	archaea,specialized	DIFFERENT	0/42 ingredient rows shared; sizes [11, 31]	CultureMech:007804,CultureMech:015389	12,31
marine_srb_medium.yaml	bacterial,specialized	DIFFERENT	1/43 ingredient rows shared; sizes [12, 32]	CultureMech:007665,CultureMech:015379	13,32
marine_thermococcus_medium.yaml	archaea,specialized	IDENTICAL	verbatim same ingredients, groundings, concentrations and units	CultureMech:006415,CultureMech:015367	16,16
marine_tryptone_yeast_extract_medium.yaml	bacterial,fungal	DIFFERENT	0/21 ingredient rows shared; sizes [10, 11]	CultureMech:007827,CultureMech:010496	11,11
masm.yaml	bacterial,algae	DIFFERENT	5/20 ingredient rows shared; sizes [8, 17]	CultureMech:000357,CultureMech:000082	17,8
mbbm.yaml	bacterial,algae	DIFFERENT	4/20 ingredient rows shared; sizes [7, 17]	CultureMech:000358,CultureMech:000083	17,7
mc.yaml	bacterial,algae	DIFFERENT	0/10 ingredient rows shared; sizes [3, 7]	CultureMech:000359,CultureMech:000086	7,3
mc_ii.yaml	bacterial,algae	DIFFERENT	0/9 ingredient rows shared; sizes [3, 6]	CultureMech:000361,CultureMech:000084	6,3
mch.yaml	bacterial,algae	DIFFERENT	0/6 ingredient rows shared; sizes [1, 5]	CultureMech:000362,CultureMech:000087	5,1
mdy_v.yaml	bacterial,algae	DIFFERENT	4/19 ingredient rows shared; sizes [6, 17]	CultureMech:000363,CultureMech:000088	17,6
medium_for_aciduric_thermophilic_bacillus_strains.yaml	bacterial,archaea	IDENTICAL	verbatim same ingredients, groundings, concentrations and units	CultureMech:006270,CultureMech:000277	9,9
medium_for_marine_methylotrophs.yaml	bacterial,specialized	IDENTICAL	verbatim same ingredients, groundings, concentrations and units	CultureMech:006402,CultureMech:015366	7,7
medium_for_marine_spirochaetes.yaml	bacterial,specialized	DIFFERENT	0/42 ingredient rows shared; sizes [10, 32]	CultureMech:007761,CultureMech:015386	11,32
merds.yaml	bacterial,algae	DIFFERENT	0/8 ingredient rows shared; sizes [1, 7]	CultureMech:000364,CultureMech:000089	7,1
merds_my75s.yaml	bacterial,algae	DIFFERENT	0/13 ingredient rows shared; sizes [2, 11]	CultureMech:000365,CultureMech:000090	11,2
mhy.yaml	bacterial,algae	DIFFERENT	5/21 ingredient rows shared; sizes [12, 14]	CultureMech:000366,CultureMech:000091	14,12
moderate_halophile_medium_2.yaml	bacterial,archaea	EQUIVALENT	same after normalizing ingredient labels and ignoring water	CultureMech:007846,CultureMech:000290	12,11
modified_bacto_marine_broth.yaml	bacterial,specialized	DIFFERENT	1/22 ingredient rows shared; sizes [5, 18]	CultureMech:005870,CultureMech:015359	18,5
modified_brocks_basal_salts_yeast_extract_medeium_b.yaml	bacterial,fungal	DIFFERENT	4/22 ingredient rows shared; sizes [13, 13]	CultureMech:009987,CultureMech:010539	14,13
modified_brocks_basal_salts_yeast_extract_medium.yaml	bacterial,fungal	DIFFERENT	4/22 ingredient rows shared; sizes [13, 13]	CultureMech:009937,CultureMech:010534	14,13
modified_brocks_basal_salts_yeast_extract_tryptone_medium.yaml	bacterial,fungal	DIFFERENT	4/23 ingredient rows shared; sizes [13, 14]	CultureMech:010261,CultureMech:010550	15,13
modified_marine_agar_2216.yaml	bacterial,specialized	DIFFERENT	0/8 ingredient rows shared; sizes [4, 4]	CultureMech:007881,CultureMech:015396	5,4
modified_marine_agar_2216_with_5_nacl_ph_9.yaml	bacterial,specialized	DIFFERENT	1/19 ingredient rows shared; sizes [5, 15]	CultureMech:007807,CultureMech:015392	6,15
modified_marine_medium.yaml	bacterial,specialized	DIFFERENT	0/39 ingredient rows shared; sizes [15, 24]	CultureMech:009799,CultureMech:015405	16,24
modified_marine_medium_for_desulfovibrio_tokyoensis.yaml	bacterial,specialized	DIFFERENT	0/44 ingredient rows shared; sizes [14, 30]	CultureMech:009893,CultureMech:015409	15,30
modified_marine_medium_for_dethiosulfobacter.yaml	bacterial,specialized	DIFFERENT	0/46 ingredient rows shared; sizes [15, 31]	CultureMech:009892,CultureMech:015408	16,31
modified_medium_for_marine_spirochaetes.yaml	bacterial,specialized	DIFFERENT	0/40 ingredient rows shared; sizes [10, 30]	CultureMech:007786,CultureMech:015388	11,30
mp.yaml	bacterial,algae	DIFFERENT	0/14 ingredient rows shared; sizes [6, 8]	CultureMech:000368,CultureMech:000092	6,8
mrs_maltose_medium.yaml	bacterial,fungal	DIFFERENT	1/3 ingredient rows shared; sizes [2, 2]	CultureMech:009414,CultureMech:010518	3,2
mw.yaml	bacterial,algae	DIFFERENT	0/2 ingredient rows shared; sizes [1, 1]	CultureMech:000369,CultureMech:000093	1,1
mwc.yaml	bacterial,algae	DIFFERENT	0/33 ingredient rows shared; sizes [15, 18]	CultureMech:000370,CultureMech:000094	18,15
my75s.yaml	bacterial,algae	DIFFERENT	2/6 ingredient rows shared; sizes [4, 4]	CultureMech:000372,CultureMech:000095	4,4
n75s.yaml	bacterial,algae	DIFFERENT	0/3 ingredient rows shared; sizes [1, 2]	CultureMech:000373,CultureMech:000097	2,1
n75s_nsw.yaml	bacterial,algae	DIFFERENT	0/3 ingredient rows shared; sizes [1, 2]	CultureMech:000374,CultureMech:000098	2,1
ncl.yaml	bacterial,algae	DIFFERENT	0/6 ingredient rows shared; sizes [1, 5]	CultureMech:000375,CultureMech:000099	5,1
ncl_0_01_npa.yaml	bacterial,algae	DIFFERENT	0/7 ingredient rows shared; sizes [1, 6]	CultureMech:000378,CultureMech:000102	6,1
ncl_mp.yaml	bacterial,algae	DIFFERENT	0/10 ingredient rows shared; sizes [1, 9]	CultureMech:000376,CultureMech:000103	9,1
ncl_pj.yaml	bacterial,algae	DIFFERENT	0/6 ingredient rows shared; sizes [1, 5]	CultureMech:000377,CultureMech:000101	5,1
ncl_pj_0_01_npa.yaml	bacterial,algae	DIFFERENT	0/7 ingredient rows shared; sizes [1, 6]	CultureMech:000379,CultureMech:000104	6,1
nn.yaml	bacterial,algae	DIFFERENT	0/10 ingredient rows shared; sizes [4, 6]	CultureMech:000380,CultureMech:000105	6,4
nss_low.yaml	bacterial,algae	DIFFERENT	0/13 ingredient rows shared; sizes [1, 12]	CultureMech:000383,CultureMech:000107	1,12
nutrient_agar_with_0_05_yeast_extract_and_3_nacl.yaml	bacterial,fungal	DIFFERENT	1/4 ingredient rows shared; sizes [2, 3]	CultureMech:007712,CultureMech:010490	2,3
oat_flakes_agar_with_yeast_extract.yaml	bacterial,fungal	IDENTICAL	verbatim same ingredients, groundings, concentrations and units	CultureMech:004620,CultureMech:010466	6,6
oatmeal_agar_isp_3_with_0_1_yeast_extract.yaml	bacterial,fungal	DIFFERENT	0/3 ingredient rows shared; sizes [1, 2]	CultureMech:009825,CultureMech:010531	1,2
pas.yaml	bacterial,algae	DIFFERENT	0/8 ingredient rows shared; sizes [3, 5]	CultureMech:000385,CultureMech:000108	5,3
pc.yaml	bacterial,algae	DIFFERENT	0/8 ingredient rows shared; sizes [3, 5]	CultureMech:000386,CultureMech:000109	5,3
pe.yaml	bacterial,algae	DIFFERENT	0/9 ingredient rows shared; sizes [4, 5]	CultureMech:000387,CultureMech:000110	4,5
peptone_czapeks_agar.yaml	bacterial,fungal	DIFFERENT	5/9 ingredient rows shared; sizes [7, 7]	CultureMech:009965,CultureMech:010544	8,7
peptone_yeast_medium_with_mgso4.yaml	bacterial,fungal	IDENTICAL	verbatim same ingredients, groundings, concentrations and units	CultureMech:006497,CultureMech:010477	4,4
per.yaml	bacterial,algae	DIFFERENT	0/6 ingredient rows shared; sizes [1, 5]	CultureMech:000388,CultureMech:000111	5,1
pfennigs_medium_i_with_yeast_extract.yaml	bacterial,fungal	IDENTICAL	verbatim same ingredients, groundings, concentrations and units	CultureMech:005189,CultureMech:010468	13,13
phototrophic_medium.yaml	bacterial,specialized	IDENTICAL	verbatim same ingredients, groundings, concentrations and units	CultureMech:003838,CultureMech:015333	16,16
pj.yaml	bacterial,algae	DIFFERENT	0/5 ingredient rows shared; sizes [1, 4]	CultureMech:000389,CultureMech:000112	4,1
pj_nn.yaml	bacterial,algae	DIFFERENT	0/10 ingredient rows shared; sizes [1, 9]	CultureMech:000390,CultureMech:000113	9,1
pm.yaml	bacterial,algae,specialized	DIFFERENT	0/22 ingredient rows shared; sizes [3, 3, 16]	CultureMech:000391,CultureMech:000114,CultureMech:015678	3,3,16
potato_dextrose_agar.yaml	bacterial,fungal	DIFFERENT	2/4 ingredient rows shared; sizes [3, 3]	CultureMech:002667,CultureMech:010445	3,3
pp.yaml	bacterial,algae	DIFFERENT	0/7 ingredient rows shared; sizes [2, 5]	CultureMech:000392,CultureMech:000115	5,2
ppg.yaml	bacterial,algae	DIFFERENT	0/12 ingredient rows shared; sizes [5, 7]	CultureMech:000394,CultureMech:000116	7,5
ppy.yaml	bacterial,algae	DIFFERENT	1/3 ingredient rows shared; sizes [2, 2]	CultureMech:000395,CultureMech:000117	2,2
pygv_marine_medium_a.yaml	bacterial,specialized	DIFFERENT	7/54 ingredient rows shared; sizes [28, 33]	CultureMech:009516,CultureMech:015399	29,33
pygv_marine_medium_b.yaml	bacterial,specialized	DIFFERENT	0/35 ingredient rows shared; sizes [3, 32]	CultureMech:007647,CultureMech:015378	4,32
quarter_strength_marine_broth_2216.yaml	bacterial,specialized	DIFFERENT	0/2 ingredient rows shared; sizes [1, 1]	CultureMech:007635,CultureMech:015375	2,1
r2a.yaml	bacterial,specialized	DIFFERENT	0/9 ingredient rows shared; sizes [1, 8]	CultureMech:009495,CultureMech:015687	1,8
r75s.yaml	bacterial,algae	DIFFERENT	0/3 ingredient rows shared; sizes [1, 2]	CultureMech:000401,CultureMech:000118	2,1
r75s_nsw.yaml	bacterial,algae	DIFFERENT	0/3 ingredient rows shared; sizes [1, 2]	CultureMech:000402,CultureMech:000119	2,1
rpl.yaml	bacterial,algae	DIFFERENT	0/6 ingredient rows shared; sizes [1, 5]	CultureMech:000396,CultureMech:000120	5,1
rpl_0_01_rpa.yaml	bacterial,algae	DIFFERENT	0/7 ingredient rows shared; sizes [1, 6]	CultureMech:000399,CultureMech:000121	6,1
rpl_mp.yaml	bacterial,algae	DIFFERENT	0/10 ingredient rows shared; sizes [1, 9]	CultureMech:000397,CultureMech:000122	9,1
rpl_pj.yaml	bacterial,algae	DIFFERENT	0/6 ingredient rows shared; sizes [1, 5]	CultureMech:000398,CultureMech:000123	5,1
rpl_pj_0_01_rpa.yaml	bacterial,algae	DIFFERENT	0/7 ingredient rows shared; sizes [1, 6]	CultureMech:000400,CultureMech:000124	6,1
s77_vitamins.yaml	bacterial,algae	IDENTICAL	verbatim same ingredients, groundings, concentrations and units	CultureMech:000309,CultureMech:000125	12,12
s88_vitamins.yaml	bacterial,algae	IDENTICAL	verbatim same ingredients, groundings, concentrations and units	CultureMech:000310,CultureMech:000126	23,23
s_w.yaml	bacterial,algae	DIFFERENT	0/2 ingredient rows shared; sizes [1, 1]	CultureMech:000414,CultureMech:000138	1,1
s_w_amp.yaml	bacterial,algae	DIFFERENT	0/3 ingredient rows shared; sizes [1, 2]	CultureMech:000307,CultureMech:000136	2,1
s_w_ca.yaml	bacterial,algae	DIFFERENT	0/3 ingredient rows shared; sizes [1, 2]	CultureMech:000308,CultureMech:000137	2,1
sabouraud_glucose_medium.yaml	bacterial,fungal	IDENTICAL	verbatim same ingredients, groundings, concentrations and units	CultureMech:004154,CultureMech:010453	2,2
saline_tryptone_yeast_extract_broth.yaml	bacterial,fungal	DIFFERENT	2/6 ingredient rows shared; sizes [4, 4]	CultureMech:010091,CultureMech:010546	5,4
sbbm.yaml	bacterial,algae	DIFFERENT	3/29 ingredient rows shared; sizes [8, 24]	CultureMech:000403,CultureMech:000127	24,9
se1.yaml	bacterial,algae	DIFFERENT	0/2 ingredient rows shared; sizes [1, 1]	CultureMech:000405,CultureMech:000128	1,1
se2.yaml	bacterial,algae	DIFFERENT	0/2 ingredient rows shared; sizes [1, 1]	CultureMech:000406,CultureMech:000129	1,1
sea_salts_yeast_extract_glucose_medium.yaml	bacterial,fungal	DIFFERENT	6/14 ingredient rows shared; sizes [9, 11]	CultureMech:007654,CultureMech:010485	12,9
sea_salts_yeast_extract_peptone_medium.yaml	bacterial,fungal	DIFFERENT	4/6 ingredient rows shared; sizes [5, 5]	CultureMech:007750,CultureMech:010492	6,5
sea_water_yeast_peptone_medium.yaml	bacterial,fungal	IDENTICAL	verbatim same ingredients, groundings, concentrations and units	CultureMech:006887,CultureMech:010483	12,12
seawater_yeast_peptone_agar.yaml	bacterial,fungal	IDENTICAL	verbatim same ingredients, groundings, concentrations and units	CultureMech:004615,CultureMech:010465	10,10
ses.yaml	bacterial,algae	DIFFERENT	0/5 ingredient rows shared; sizes [1, 4]	CultureMech:000407,CultureMech:000130	4,1
ses_mp.yaml	bacterial,algae	DIFFERENT	0/10 ingredient rows shared; sizes [1, 9]	CultureMech:000408,CultureMech:000132	9,1
ses_pj.yaml	bacterial,algae	DIFFERENT	0/8 ingredient rows shared; sizes [2, 6]	CultureMech:000409,CultureMech:000131	6,2
sna.yaml	bacterial,algae	DIFFERENT	5/6 ingredient rows shared; sizes [5, 6]	CultureMech:000410,CultureMech:000133	6,5
sna_5.yaml	bacterial,algae	DIFFERENT	5/6 ingredient rows shared; sizes [5, 6]	CultureMech:000412,CultureMech:000134	6,5
sp.yaml	bacterial,algae	DIFFERENT	7/41 ingredient rows shared; sizes [24, 24]	CultureMech:000413,CultureMech:000135	24,24
standard_i_malt_agar.yaml	bacterial,fungal	IDENTICAL	verbatim same ingredients, groundings, concentrations and units	CultureMech:006156,CultureMech:010472	4,4
sucrose_nitrate_agar_czapek_dox_agar.yaml	bacterial,fungal	DIFFERENT	6/8 ingredient rows shared; sizes [7, 7]	CultureMech:009827,CultureMech:010529	8,7
sulfolobus_medium_anaerobic.yaml	archaea,specialized	DIFFERENT	6/27 ingredient rows shared; sizes [15, 18]	CultureMech:008970,CultureMech:015370	19,15
swmty_marine_medium.yaml	bacterial,specialized	DIFFERENT	4/26 ingredient rows shared; sizes [15, 15]	CultureMech:008800,CultureMech:015398	16,15
thermanaerobacter_thermophila_medium.yaml	bacterial,archaea	DIFFERENT	0/25 ingredient rows shared; sizes [12, 13]	CultureMech:007521,CultureMech:000305	13,13
trypticase_soy_yeast_extract_medium.yaml	bacterial,fungal	DIFFERENT	2/9 ingredient rows shared; sizes [3, 8]	CultureMech:006848,CultureMech:010482	8,3
tryptone_peptone_yeast_extract_glucose_medium.yaml	bacterial,fungal	DIFFERENT	9/14 ingredient rows shared; sizes [11, 12]	CultureMech:010054,CultureMech:010543	13,11
tryptone_yeast_extract_agar.yaml	bacterial,fungal	DIFFERENT	2/6 ingredient rows shared; sizes [4, 4]	CultureMech:007856,CultureMech:010506	5,4
tryptone_yeast_extract_agar_tyg.yaml	bacterial,fungal	IDENTICAL	verbatim same ingredients, groundings, concentrations and units	CultureMech:006280,CultureMech:010474	4,4
tryptone_yeast_extract_isp_1_agar.yaml	bacterial,fungal	DIFFERENT	1/5 ingredient rows shared; sizes [3, 3]	CultureMech:010272,CultureMech:010551	4,3
tryptone_yeast_extract_mineral_medium.yaml	bacterial,fungal	IDENTICAL	verbatim same ingredients, groundings, concentrations and units	CultureMech:004583,CultureMech:010464	11,11
um.yaml	bacterial,algae	DIFFERENT	1/12 ingredient rows shared; sizes [6, 7]	CultureMech:000311,CultureMech:000141	7,6
universal_medium_for_yeasts_ym.yaml	bacterial,fungal	IDENTICAL	verbatim same ingredients, groundings, concentrations and units	CultureMech:004210,CultureMech:010463	5,5
van_niels_yeast_agar.yaml	bacterial,fungal	EQUIVALENT	same after normalizing ingredient labels and ignoring water	CultureMech:007688,CultureMech:010488	5,4
walnes.yaml	bacterial,algae	DIFFERENT	0/25 ingredient rows shared; sizes [11, 14]	CultureMech:000312,CultureMech:000142	14,11
waris_h.yaml	bacterial,algae	DIFFERENT	0/36 ingredient rows shared; sizes [18, 18]	CultureMech:000313,CultureMech:000143	18,18
yeast_extract_malt_extract_agar_isp_2.yaml	bacterial,fungal	DIFFERENT	2/6 ingredient rows shared; sizes [4, 4]	CultureMech:009740,CultureMech:010528	5,4
yeast_extract_malt_extract_agar_isp_2_ph_8_5.yaml	bacterial,fungal	DIFFERENT	0/4 ingredient rows shared; sizes [0, 4]	CultureMech:010358,CultureMech:010553	0,4
yeast_extract_malt_extract_agar_isp_2_with_2_nacl.yaml	bacterial,fungal	DIFFERENT	1/2 ingredient rows shared; sizes [1, 2]	CultureMech:007763,CultureMech:010493	1,2
yeast_extract_malt_extract_agar_isp_2_with_5_nacl.yaml	bacterial,fungal	DIFFERENT	1/2 ingredient rows shared; sizes [1, 2]	CultureMech:008596,CultureMech:010509	1,2
yeast_extract_malt_extract_agar_isp_2_with_5_nacl_ph_9_0.yaml	bacterial,fungal	DIFFERENT	1/2 ingredient rows shared; sizes [1, 2]	CultureMech:009920,CultureMech:010532	1,2
yeast_extract_malt_extract_agar_isp_2_with_artificial_seawater.yaml	bacterial,fungal	DIFFERENT	2/8 ingredient rows shared; sizes [5, 5]	CultureMech:008374,CultureMech:010536	5,5
yeast_extract_malt_extract_agar_ph_5_5.yaml	bacterial,fungal	DIFFERENT	0/4 ingredient rows shared; sizes [0, 4]	CultureMech:007789,CultureMech:010494	0,4
yeast_extract_malt_extract_agar_ph_6_0.yaml	bacterial,fungal	DIFFERENT	0/4 ingredient rows shared; sizes [0, 4]	CultureMech:010021,CultureMech:010541	0,4
yeast_extract_malt_extract_agar_ph_9_0.yaml	bacterial,fungal	DIFFERENT	0/4 ingredient rows shared; sizes [0, 4]	CultureMech:009921,CultureMech:010533	0,4
yeast_extract_mannitol_agar_medium.yaml	bacterial,fungal	EQUIVALENT	same after normalizing ingredient labels and ignoring water	CultureMech:009012,CultureMech:010513	8,7
yeast_extract_medium_ye.yaml	bacterial,fungal	IDENTICAL	verbatim same ingredients, groundings, concentrations and units	CultureMech:009002,CultureMech:010512	1,1
yeast_extract_mineral_medium.yaml	bacterial,fungal	IDENTICAL	verbatim same ingredients, groundings, concentrations and units	CultureMech:004662,CultureMech:010467	6,6
yeast_extract_skim_milk_medium.yaml	bacterial,fungal	IDENTICAL	verbatim same ingredients, groundings, concentrations and units	CultureMech:004197,CultureMech:010459	3,3
yeast_extract_starch_agar_50_marine_water.yaml	bacterial,fungal	IDENTICAL	verbatim same ingredients, groundings, concentrations and units	CultureMech:004028,CultureMech:010444	4,4
yeast_extract_starch_agar_nbrc_med_266.yaml	bacterial,fungal	IDENTICAL	verbatim same ingredients, groundings, concentrations and units	CultureMech:004070,CultureMech:010447	3,3
yeast_krainskys_agar.yaml	bacterial,fungal	DIFFERENT	4/6 ingredient rows shared; sizes [5, 5]	CultureMech:008032,CultureMech:010538	6,5
yeast_peptone_succinate_medium.yaml	bacterial,fungal	IDENTICAL	verbatim same ingredients, groundings, concentrations and units	CultureMech:006959,CultureMech:010484	4,4
yeast_starch_agar_a.yaml	bacterial,fungal	IDENTICAL	verbatim same ingredients, groundings, concentrations and units	CultureMech:003539,CultureMech:010441	3,3
yeast_starch_agar_b.yaml	bacterial,fungal	IDENTICAL	verbatim same ingredients, groundings, concentrations and units	CultureMech:006234,CultureMech:010473	5,5
yel.yaml	bacterial,algae	DIFFERENT	0/3 ingredient rows shared; sizes [1, 2]	CultureMech:000314,CultureMech:000144	2,1
zm_10.yaml	bacterial,algae	DIFFERENT	7/30 ingredient rows shared; sizes [18, 19]	CultureMech:000315,CultureMech:000146	19,18
